Workbook

Sheet read me

Sheet reference
A1: inspector | B1: group | C1: shift | D1: name | G1: specimen | H1: true state
A2: op1 | B2: qc | C2: shift_1 | D2: Jyoti Patel | G2: A-01 | H2: conform | K2: Row Labels | L2: Count of specimen
A3: op2 | B3: qc | C3: shift_2 | D3: Roldie Ladio | G3: A-02 | H3: nonconform | K3: conform | L3: 7
A4: op3 | B4: ops | C4: shift_1 | D4: Hirem Tailor | G4: A-03 | H4: conform | K4: nonconform | L4: 9
A5: op4 | B5: ops | C5: shift_1 | D5: Trieu Nguyen | G5: A-04 | H5: nonconform | K5: Grand Total | L5: 16
A6: op5 | B6: ops | C6: shift_2 | D6: Niranjan Patel | G6: A-05 | H6: conform
G7: A-06 | H7: nonconform
G8: A-07 | H8: nonconform
G9: A-08 | H9: nonconform
G10: A-09 | H10: conform
G11: A-10 | H11: nonconform
G12: A-11 | H12: nonconform
G13: A-12 | H13: conform
G14: A-13 | H14: nonconform
G15: A-14 | H15: conform
G16: A-15 | H16: nonconform
G17: A-16 | H17: conform

Sheet test structure with data
A1: inspector | B1: group | C1: shift | D1: specimen | E1: true state | F1: block | G1: trial | H1: one | I1: rank_order | J1: trial label | K1: trial result
A2: op1 | B2: qc | C2: s1 | D2: A-01 | E2: =VLOOKUP(Table1[[#This Row],[specimen]],reference!$G$2:$H$17,2,FALSE) -> conform | F2: block_01 | G2: trial_1 | H2: 1 | I2: =VLOOKUP(Table1[[#This Row],[block]], 'pivot1 test order'!$R$5:$V$14, 5, FALSE) -> 4 | J2: A-01 | K2: conform
A3: op1 | B3: qc | C3: s1 | D3: A-02 | E3: =VLOOKUP(Table1[[#This Row],[specimen]],reference!$G$2:$H$17,2,FALSE) -> nonconform | F3: block_01 | G3: trial_1 | H3: 1 | I3: =VLOOKUP(Table1[[#This Row],[block]], 'pivot1 test order'!$R$5:$V$14, 5, FALSE) -> 4 | J3: A-02 | K3: nonconform
A4: op1 | B4: qc | C4: s1 | D4: A-03 | E4: =VLOOKUP(Table1[[#This Row],[specimen]],reference!$G$2:$H$17,2,FALSE) -> conform | F4: block_01 | G4: trial_1 | H4: 1 | I4: =VLOOKUP(Table1[[#This Row],[block]], 'pivot1 test order'!$R$5:$V$14, 5, FALSE) -> 4 | J4: A-03 | K4: conform
A5: op1 | B5: qc | C5: s1 | D5: A-04 | E5: =VLOOKUP(Table1[[#This Row],[specimen]],reference!$G$2:$H$17,2,FALSE) -> nonconform | F5: block_01 | G5: trial_1 | H5: 1 | I5: =VLOOKUP(Table1[[#This Row],[block]], 'pivot1 test order'!$R$5:$V$14, 5, FALSE) -> 4 | J5: A-04 | K5: nonconform
A6: op1 | B6: qc | C6: s1 | D6: A-05 | E6: =VLOOKUP(Table1[[#This Row],[specimen]],reference!$G$2:$H$17,2,FALSE) -> conform | F6: block_01 | G6: trial_1 | H6: 1 | I6: =VLOOKUP(Table1[[#This Row],[block]], 'pivot1 test order'!$R$5:$V$14, 5, FALSE) -> 4 | J6: A-05 | K6: conform
A7: op1 | B7: qc | C7: s1 | D7: A-06 | E7: =VLOOKUP(Table1[[#This Row],[specimen]],reference!$G$2:$H$17,2,FALSE) -> nonconform | F7: block_01 | G7: trial_1 | H7: 1 | I7: =VLOOKUP(Table1[[#This Row],[block]], 'pivot1 test order'!$R$5:$V$14, 5, FALSE) -> 4 | J7: A-06 | K7: nonconform
A8: op1 | B8: qc | C8: s1 | D8: A-07 | E8: =VLOOKUP(Table1[[#This Row],[specimen]],reference!$G$2:$H$17,2,FALSE) -> nonconform | F8: block_01 | G8: trial_1 | H8: 1 | I8: =VLOOKUP(Table1[[#This Row],[block]], 'pivot1 test order'!$R$5:$V$14, 5, FALSE) -> 4 | J8: A-07 | K8: nonconform
A9: op1 | B9: qc | C9: s1 | D9: A-08 | E9: =VLOOKUP(Table1[[#This Row],[specimen]],reference!$G$2:$H$17,2,FALSE) -> nonconform | F9: block_01 | G9: trial_1 | H9: 1 | I9: =VLOOKUP(Table1[[#This Row],[block]], 'pivot1 test order'!$R$5:$V$14, 5, FALSE) -> 4 | J9: A-08 | K9: nonconform
A10: op1 | B10: qc | C10: s1 | D10: A-09 | E10: =VLOOKUP(Table1[[#This Row],[specimen]],reference!$G$2:$H$17,2,FALSE) -> conform | F10: block_02 | G10: trial_1 | H10: 1 | I10: =VLOOKUP(Table1[[#This Row],[block]], 'pivot1 test order'!$R$5:$V$14, 5, FALSE) -> 1 | J10: A-09 | K10: conform
A11: op1 | B11: qc | C11: s1 | D11: A-10 | E11: =VLOOKUP(Table1[[#This Row],[specimen]],reference!$G$2:$H$17,2,FALSE) -> nonconform | F11: block_02 | G11: trial_1 | H11: 1 | I11: =VLOOKUP(Table1[[#This Row],[block]], 'pivot1 test order'!$R$5:$V$14, 5, FALSE) -> 1 | J11: A-10 | K11: nonconform
A12: op1 | B12: qc | C12: s1 | D12: A-11 | E12: =VLOOKUP(Table1[[#This Row],[specimen]],reference!$G$2:$H$17,2,FALSE) -> nonconform | F12: block_02 | G12: trial_1 | H12: 1 | I12: =VLOOKUP(Table1[[#This Row],[block]], 'pivot1 test order'!$R$5:$V$14, 5, FALSE) -> 1 | J12: A-11 | K12: nonconform
A13: op1 | B13: qc | C13: s1 | D13: A-12 | E13: =VLOOKUP(Table1[[#This Row],[specimen]],reference!$G$2:$H$17,2,FALSE) -> conform | F13: block_02 | G13: trial_1 | H13: 1 | I13: =VLOOKUP(Table1[[#This Row],[block]], 'pivot1 test order'!$R$5:$V$14, 5, FALSE) -> 1 | J13: A-12 | K13: conform
... A241: op5 | B241: ops | C241: s2 | D241: A-16 | E241: =VLOOKUP(Table1[[#This Row],[specimen]],reference!$G$2:$H$17,2,FALSE) -> conform | F241: block_10 | G241: trial_3 | H241: 1 | I241: =VLOOKUP(Table1[[#This Row],[block]], 'pivot1 test order'!$R$5:$V$14, 5, FALSE) -> 1 | J241: C-04 | K241: conform

Sheet pivot1 test order
A3: Count of specimen
A4: trial | B4: shift | C4: rank_order | D4: block | E4: inspector | F4: group | G4: Total | I4: shift | J4: block | K4: inspector | L4: rand_order | M4: rand_order_static | N4: rank_order | Q4: shift | R4: block | S4: inspector | T4: rand_order | U4: rand_order_static | V4: rank_order
A5: trial_1 | B5: s1 | C5: 1 | D5: b02 | E5: op1 | F5: qc | G5: 8 | I5: s1 | J5: b01 | K5: op1 | L5: =RAND() -> 0.090795821 | M5: 0.30533469 | N5: =RANK(M5, $M$5:$M$10) -> 4 | P5: order applies within each shift | Q5: s1 | R5: block_01 | S5: op1 | T5: 0.78674954 | U5: 0.30533469 | V5: 4
B6: s1 | C6: 2 | D6: b06 | E6: op3 | F6: ops | G6: 8 | I6: s1 | J6: b02 | K6: op1 | L6: =RAND() -> 0.11247533 | M6: 0.99812432 | N6: =RANK(M6, $M$5:$M$10) -> 1 | Q6: s1 | R6: block_02 | S6: op1 | T6: 0.25999478 | U6: 0.99812432 | V6: 1
B7: s1 | C7: 3 | D7: b08 | E7: op4 | F7: ops | G7: 8 | I7: s1 | J7: b05 | K7: op3 | L7: =RAND() -> 0.81653289 | M7: 0.21484829 | N7: =RANK(M7, $M$5:$M$10) -> 5 | Q7: s1 | R7: block_05 | S7: op3 | T7: 0.91538922 | U7: 0.21484829 | V7: 5
B8: s1 | C8: 4 | D8: b01 | E8: op1 | F8: qc | G8: 8 | I8: s1 | J8: b06 | K8: op3 | L8: =RAND() -> 0.67339165 | M8: 0.98219183 | N8: =RANK(M8, $M$5:$M$10) -> 2 | Q8: s1 | R8: block_06 | S8: op3 | T8: 0.11813406 | U8: 0.98219183 | V8: 2
B9: s1 | C9: 5 | D9: b05 | E9: op3 | F9: ops | G9: 8 | I9: s1 | J9: b07 | K9: op4 | L9: =RAND() -> 0.4094201 | M9: 0.13758537 | N9: =RANK(M9, $M$5:$M$10) -> 6 | Q9: s1 | R9: block_07 | S9: op4 | T9: 0.44613784 | U9: 0.13758537 | V9: 6
B10: s1 | C10: 6 | D10: b07 | E10: op4 | F10: ops | G10: 8 | I10: s1 | J10: b08 | K10: op4 | L10: =RAND() -> 0.41895838 | M10: 0.45183198 | N10: =RANK(M10, $M$5:$M$10) -> 3 | Q10: s1 | R10: block_08 | S10: op4 | T10: 0.84593518 | U10: 0.45183198 | V10: 3
B11: s2 | C11: 1 | D11: b10 | E11: op5 | F11: ops | G11: 8 | Q11: s2 | R11: block_03 | S11: op2 | T11: 0.61852379 | U11: 0.19027429 | V11: 3
B12: s2 | C12: 2 | D12: b04 | E12: op2 | F12: qc | G12: 8 | Q12: s2 | R12: block_04 | S12: op2 | T12: 0.49463152 | U12: 0.45481232 | V12: 2
B13: s2 | C13: 3 | D13: b03 | E13: op2 | F13: qc | G13: 8 | Q13: s2 | R13: block_09 | S13: op5 | T13: 0.31612882 | U13: 0.017269122 | V13: 4
B14: s2 | C14: 4 | D14: b09 | E14: op5 | F14: ops | G14: 8 | I14: shift | J14: block | K14: inspector | L14: rand_order | M14: rand_order_static | N14: rank_order | Q14: s2 | R14: block_10 | S14: op5 | T14: 0.45208452 | U14: 0.58966624 | V14: 1
A15: trial_1 Total | G15: 80 | I15: s2 | J15: b03 | K15: op2 | L15: =RAND() -> 0.42491289 | M15: 0.19027429 | N15: =RANK(M15, $M$15:$M$18) -> 3
A16: trial_2 | B16: s1 | C16: 1 | D16: b02 | E16: op1 | F16: qc | G16: 8 | I16: s2 | J16: b04 | K16: op2 | L16: =RAND() -> 0.37841589 | M16: 0.45481232 | N16: =RANK(M16, $M$15:$M$18) -> 2
B17: s1 | C17: 2 | D17: b06 | E17: op3 | F17: ops | G17: 8 | I17: s2 | J17: b09 | K17: op5 | L17: =RAND() -> 0.90580986 | M17: 0.017269122 | N17: =RANK(M17, $M$15:$M$18) -> 4
B18: s1 | C18: 3 | D18: b08 | E18: op4 | F18: ops | G18: 8 | I18: s2 | J18: b10 | K18: op5 | L18: =RAND() -> 0.429197 | M18: 0.58966624 | N18: =RANK(M18, $M$15:$M$18) -> 1
B19: s1 | C19: 4 | D19: b01 | E19: op1 | F19: qc | G19: 8
B20: s1 | C20: 5 | D20: b05 | E20: op3 | F20: ops | G20: 8
B21: s1 | C21: 6 | D21: b07 | E21: op4 | F21: ops | G21: 8
B22: s2 | C22: 1 | D22: b10 | E22: op5 | F22: ops | G22: 8
B23: s2 | C23: 2 | D23: b04 | E23: op2 | F23: qc | G23: 8
B24: s2 | C24: 3 | D24: b03 | E24: op2 | F24: qc | G24: 8
B25: s2 | C25: 4 | D25: b09 | E25: op5 | F25: ops | G25: 8
A26: trial_2 Total | G26: 80
A27: trial_3 | B27: s1 | C27: 1 | D27: b02 | E27: op1 | F27: qc | G27: 8
B28: s1 | C28: 2 | D28: b06 | E28: op3 | F28: ops | G28: 8
B29: s1 | C29: 3 | D29: b08 | E29: op4 | F29: ops | G29: 8
B30: s1 | C30: 4 | D30: b01 | E30: op1 | F30: qc | G30: 8
B31: s1 | C31: 5 | D31: b05 | E31: op3 | F31: ops | G31: 8
B32: s1 | C32: 6 | D32: b07 | E32: op4 | F32: ops | G32: 8
B33: s2 | C33: 1 | D33: b10 | E33: op5 | F33: ops | G33: 8
B34: s2 | C34: 2 | D34: b04 | E34: op2 | F34: qc | G34: 8
B35: s2 | C35: 3 | D35: b03 | E35: op2 | F35: qc | G35: 8
B36: s2 | C36: 4 | D36: b09 | E36: op5 | F36: ops | G36: 8
A37: trial_3 Total | G37: 80

Sheet trial labels
A1: trial 1 label | B1: trial 2 rand | C1: trial 2 rand rank | D1: trial 2 label | E1: trial 3 rand | F1: trial 3 rand rank | G1: trial 3 label
A2: A-01 | B2: 0.34155197 | C2: =RANK(B2, $B$2:$B$17) -> 12 | D2: =CONCATENATE("B-",TEXT(C2,"00")) -> B-12 | E2: 0.97548483 | F2: =RANK(E2,$E$2:$E$17) -> 1 | G2: =CONCATENATE("C-",TEXT(F2,"00")) -> C-01
A3: A-02 | B3: 0.51317714 | C3: =RANK(B3, $B$2:$B$17) -> 6 | D3: =CONCATENATE("B-",TEXT(C3,"00")) -> B-06 | E3: 0.05227211 | F3: =RANK(E3,$E$2:$E$17) -> 16 | G3: =CONCATENATE("C-",TEXT(F3,"00")) -> C-16
A4: A-03 | B4: 0.96966549 | C4: =RANK(B4, $B$2:$B$17) -> 2 | D4: =CONCATENATE("B-",TEXT(C4,"00")) -> B-02 | E4: 0.73134294 | F4: =RANK(E4,$E$2:$E$17) -> 6 | G4: =CONCATENATE("C-",TEXT(F4,"00")) -> C-06
A5: A-04 | B5: 0.6459653 | C5: =RANK(B5, $B$2:$B$17) -> 5 | D5: =CONCATENATE("B-",TEXT(C5,"00")) -> B-05 | E5: 0.24278346 | F5: =RANK(E5,$E$2:$E$17) -> 14 | G5: =CONCATENATE("C-",TEXT(F5,"00")) -> C-14
A6: A-05 | B6: 0.85786207 | C6: =RANK(B6, $B$2:$B$17) -> 4 | D6: =CONCATENATE("B-",TEXT(C6,"00")) -> B-04 | E6: 0.55171483 | F6: =RANK(E6,$E$2:$E$17) -> 9 | G6: =CONCATENATE("C-",TEXT(F6,"00")) -> C-09
A7: A-06 | B7: 0.9497661 | C7: =RANK(B7, $B$2:$B$17) -> 3 | D7: =CONCATENATE("B-",TEXT(C7,"00")) -> B-03 | E7: 0.18009732 | F7: =RANK(E7,$E$2:$E$17) -> 15 | G7: =CONCATENATE("C-",TEXT(F7,"00")) -> C-15
A8: A-07 | B8: 0.26056003 | C8: =RANK(B8, $B$2:$B$17) -> 13 | D8: =CONCATENATE("B-",TEXT(C8,"00")) -> B-13 | E8: 0.4264035 | F8: =RANK(E8,$E$2:$E$17) -> 11 | G8: =CONCATENATE("C-",TEXT(F8,"00")) -> C-11
A9: A-08 | B9: 0.35187752 | C9: =RANK(B9, $B$2:$B$17) -> 11 | D9: =CONCATENATE("B-",TEXT(C9,"00")) -> B-11 | E9: 0.8364592 | F9: =RANK(E9,$E$2:$E$17) -> 5 | G9: =CONCATENATE("C-",TEXT(F9,"00")) -> C-05
A10: A-09 | B10: 0.39337877 | C10: =RANK(B10, $B$2:$B$17) -> 10 | D10: =CONCATENATE("B-",TEXT(C10,"00")) -> B-10 | E10: 0.53091515 | F10: =RANK(E10,$E$2:$E$17) -> 10 | G10: =CONCATENATE("C-",TEXT(F10,"00")) -> C-10
A11: A-10 | B11: 0.49727629 | C11: =RANK(B11, $B$2:$B$17) -> 7 | D11: =CONCATENATE("B-",TEXT(C11,"00")) -> B-07 | E11: 0.26071099 | F11: =RANK(E11,$E$2:$E$17) -> 13 | G11: =CONCATENATE("C-",TEXT(F11,"00")) -> C-13
A12: A-11 | B12: 0.10512765 | C12: =RANK(B12, $B$2:$B$17) -> 14 | D12: =CONCATENATE("B-",TEXT(C12,"00")) -> B-14 | E12: 0.97189844 | F12: =RANK(E12,$E$2:$E$17) -> 2 | G12: =CONCATENATE("C-",TEXT(F12,"00")) -> C-02
A13: A-12 | B13: 0.44399844 | C13: =RANK(B13, $B$2:$B$17) -> 8 | D13: =CONCATENATE("B-",TEXT(C13,"00")) -> B-08 | E13: 0.26178038 | F13: =RANK(E13,$E$2:$E$17) -> 12 | G13: =CONCATENATE("C-",TEXT(F13,"00")) -> C-12
... A17: A-16 | B17: 0.97710183 | C17: =RANK(B17, $B$2:$B$17) -> 1 | D17: =CONCATENATE("B-",TEXT(C17,"00")) -> B-01 | E17: 0.83804612 | F17: =RANK(E17,$E$2:$E$17) -> 4 | G17: =CONCATENATE("C-",TEXT(F17,"00")) -> C-04
